id,name,psmiles,source,description,Tg,Tm,elastic_modulus,molecular_weight
polymer,Polymer,CC,pdf_datasheet,Polymer extracted from datasheet: polymer,358.0,5300.0,1.0,90000.0
polymeric,Polymeric,CC,pdf_datasheet,Polymer extracted from datasheet: polymeric,,,1.0,
polymers,Polymers,CC,pdf_datasheet,Polymer extracted from datasheet: polymers,14471.0,1863.0,1.0,90000.0
pe,Polyethylene,CC,pdf_datasheet,Polymer extracted from datasheet: pe,3.0,5300.0,1.0,90000.0
polymersand,Polymersand,CC,pdf_datasheet,Polymer extracted from datasheet: polymersand,,,1.0,
polysaccharides,Polysaccharides,CC,pdf_datasheet,Polymer extracted from datasheet: polysaccharides,,,3.0,30000.0
polymerization,Polymerization,CC,pdf_datasheet,Polymer extracted from datasheet: polymerization,,,3.0,
polymercomposition,Polymercomposition,CC,pdf_datasheet,Polymer extracted from datasheet: polymercomposition,,,8.0,
polymersdatabase,Polymersdatabase,CC,pdf_datasheet,Polymer extracted from datasheet: polymersdatabase,,,1.0,
pa,Polyamide,CCCCCCN,pdf_datasheet,Polymer extracted from datasheet: Pa,,1238.0,18.0,370000.0
abs,Acrylonitrile Butadiene Styrene,CCc1ccccc1,pdf_datasheet,Polymer extracted from datasheet: ABS,,5300.0,1.0,66000.0
ps,Polystyrene,CCc1ccccc1,pdf_datasheet,Polymer extracted from datasheet: ps,358.0,2883.0,16.0,1343.0
polybutadiene,Polybutadiene,CC,pdf_datasheet,Polymer extracted from datasheet: polybutadiene,,2883.0,1.0,30000.0
polymerisation,Polymerisation,CC,pdf_datasheet,Polymer extracted from datasheet: polymerisation,3.0,137.89,1.0,65000000.0
polybuta,Polybuta,CC,pdf_datasheet,Polymer extracted from datasheet: polybuta,,,1.0,2350.0
polymerisationprocess,Polymerisationprocess,CC,pdf_datasheet,Polymer extracted from datasheet: polymerisationprocess,,,1.0,
polymerisationingredients,Polymerisationingredients,CC,pdf_datasheet,Polymer extracted from datasheet: polymerisationingredients,,,1.0,
polymerisa,Polymerisa,CC,pdf_datasheet,Polymer extracted from datasheet: polymerisa,,,1.0,
polymerisationinitiator,Polymerisationinitiator,CC,pdf_datasheet,Polymer extracted from datasheet: polymerisationinitiator,,,1.0,
polyamide,Polyamide,CC,pdf_datasheet,Polymer extracted from datasheet: polyamide,,,9003.0,13000.0
polycarbo,Polycarbo,CC,pdf_datasheet,Polymer extracted from datasheet: polycarbo,,,9003.0,10000.0
polycarbonate,Polycarbonate,CC,pdf_datasheet,Polymer extracted from datasheet: Polycarbonate,,,9003.0,18000.0
pc,Polycarbonate,CC(C)(c1ccc(O)cc1),pdf_datasheet,Polymer extracted from datasheet: PC,,,9003.0,1330000.0
polycarbonatemonomers,Polycarbonatemonomers,CC,pdf_datasheet,Polymer extracted from datasheet: polycarbonateMonomers,,,9003.0,
polymerrelated,Polymerrelated,CC,pdf_datasheet,Polymer extracted from datasheet: polymerRelated,,,9003.0,
polyacrylonitrile,Polyacrylonitrile,CC,pdf_datasheet,Polymer extracted from datasheet: Polyacrylonitrile,,,9003.0,90000.0
polyvinylchloride,Polyvinylchloride,CC,pdf_datasheet,Polymer extracted from datasheet: Polyvinylchloride,,,9003.0,
polyvi,Polyvi,CC,pdf_datasheet,Polymer extracted from datasheet: polyvi,,,9003.0,
pvc,Polyvinyl Chloride,CCCl,pdf_datasheet,Polymer extracted from datasheet: PVC,,,9003.0,109000.0
polyurethane,Polyurethane,CC,pdf_datasheet,Polymer extracted from datasheet: polyurethane,,,1.0,43500000.0
polysulfone,Polysulfone,CC,pdf_datasheet,Polymer extracted from datasheet: Polysulfone,,,25135.0,40000.0
polyacrylamide,Polyacrylamide,CC,pdf_datasheet,Polymer extracted from datasheet: Polyacrylamide,,,9003.0,
polyanilinewithin,Polyanilinewithin,CC,pdf_datasheet,Polymer extracted from datasheet: polyanilinewithin,,,0.00042,
polymannuronic,Polymannuronic,CC,pdf_datasheet,Polymer extracted from datasheet: Polymannuronic,,,9005.0,
polyguluronic,Polyguluronic,CC,pdf_datasheet,Polymer extracted from datasheet: Polyguluronic,,,9005.0,
polyamides,Polyamides,CC,pdf_datasheet,Polymer extracted from datasheet: polyamides,,,250.0,20000.0
polym,Polym,CC,pdf_datasheet,Polymer extracted from datasheet: polym,,,1965.0,2000.0
polycondensation,Polycondensation,CC,pdf_datasheet,Polymer extracted from datasheet: polycondensation,,,1965.0,
polystyrenemonomers,Polystyrenemonomers,CC,pdf_datasheet,Polymer extracted from datasheet: PolystyreneMonomers,,,26299.0,
polypropylene,Polypropylene,CC(C),pdf_datasheet,Polymer extracted from datasheet: polypropylene,,792.0,1.0,255000.0
polypropy,Polypropy,CC,pdf_datasheet,Polymer extracted from datasheet: polypropy,,,1.0,
polyimide,Polyimide,CC,pdf_datasheet,Polymer extracted from datasheet: Polyimide,,,94148.0,80000.0
polyaddition,Polyaddition,CC,pdf_datasheet,Polymer extracted from datasheet: polyaddition,,,1.0,
polysiloxanes,Polysiloxanes,CC,pdf_datasheet,Polymer extracted from datasheet: polysiloxanes,,,19.0,40000.0
pp,Polypropylene,CC(C),pdf_datasheet,Polymer extracted from datasheet: pp,,,53859.0,100000.0
polynucleotidescarrageenan,Polynucleotidescarrageenan,CC,pdf_datasheet,Polymer extracted from datasheet: polynucleotidesCarrageenan,,,,33000.0
polynosic,Polynosic,CC,pdf_datasheet,Polymer extracted from datasheet: polynosic,,,1.0,
polyester,Polyester,CC,pdf_datasheet,Polymer extracted from datasheet: polyester,,,1.0,30000.0
polynucleotides,Polynucleotides,CC,pdf_datasheet,Polymer extracted from datasheet: polynucleotides,,,3.0,95000.0
polysiloxane,Polysiloxane,CC,pdf_datasheet,Polymer extracted from datasheet: polysiloxane,,,69430.0,
polysiloxanesmonomers,Polysiloxanesmonomers,CC,pdf_datasheet,Polymer extracted from datasheet: PolysiloxanesMonomers,,,69430.0,
polyamine,Polyamine,CC,pdf_datasheet,Polymer extracted from datasheet: polyamine,,,18.0,
polyamidecured,Polyamidecured,CC,pdf_datasheet,Polymer extracted from datasheet: polyamidecured,,,828.0,
polyp,Polyp,CC,pdf_datasheet,Polymer extracted from datasheet: polyp,,,828.0,
polyethylene,Polyethylene,CC,pdf_datasheet,Polymer extracted from datasheet: polyethylene,,1.0,24936.0,520.0
polyur,Polyur,CC,pdf_datasheet,Polymer extracted from datasheet: polyur,,,24936.0,
polycarbonates,Polycarbonates,CC,pdf_datasheet,Polymer extracted from datasheet: polycarbonates,,,1.0,
polycarbonateby,Polycarbonateby,CC,pdf_datasheet,Polymer extracted from datasheet: polycarbonateby,,,18.0,
polyesters,Polyesters,CC,pdf_datasheet,Polymer extracted from datasheet: polyesters,,,1.0,1000.0
pet,Polyethylene Terephthalate,CCOc1ccc(C(=O)O)cc1,pdf_datasheet,Polymer extracted from datasheet: PET,30.0,,0.0,
polycarbonatecohesive,Polycarbonatecohesive,CC,pdf_datasheet,Polymer extracted from datasheet: polycarbonateCohesive,,,2.0,
polyisobutylene,Polyisobutylene,CC,pdf_datasheet,Polymer extracted from datasheet: polyisobutylene,,,1.0,
polymerised,Polymerised,CC,pdf_datasheet,Polymer extracted from datasheet: polymerised,,,180.0,800.0
polyimidecas,Polyimidecas,CC,pdf_datasheet,Polymer extracted from datasheet: PolyimideCAS,,,25868.0,
polysar,Polysar,CC,pdf_datasheet,Polymer extracted from datasheet: Polysar,,,800.0,
polydienes,Polydienes,CC,pdf_datasheet,Polymer extracted from datasheet: Polydienes,,,1.0,200000.0
polynucleotide,Polynucleotide,CC,pdf_datasheet,Polymer extracted from datasheet: polynucleotide,,,3.0,
polymethylphenylsilane,Polymethylphenylsilane,CC,pdf_datasheet,Polymer extracted from datasheet: polymethylphenylsilane,,,76188.0,20000.0
polyphe,Polyphe,CC,pdf_datasheet,Polymer extracted from datasheet: polyphe,,,76188.0,
polyphenylmethylsilylene,Polyphenylmethylsilylene,CC,pdf_datasheet,Polymer extracted from datasheet: polyphenylmethylsilylene,,,76188.0,
polysilanes,Polysilanes,CC,pdf_datasheet,Polymer extracted from datasheet: polysilanes,,,76188.0,20000.0
polyol,Polyol,CC,pdf_datasheet,Polymer extracted from datasheet: polyol,,,31692.0,
polydimethylsiloxane,Polydimethylsiloxane,CC,pdf_datasheet,Polymer extracted from datasheet: Polydimethylsiloxane,,,31692.0,84000.0
polypropylenepolyolefins,Polypropylenepolyolefins,CC,pdf_datasheet,Polymer extracted from datasheet: polypropylenepolyolefins,,,52682.0,520.0
polyolefins,Polyolefins,CC,pdf_datasheet,Polymer extracted from datasheet: polyolefins,,,52682.0,500.0
polystyrene,Polystyrene,CCc1ccccc1,pdf_datasheet,Polymer extracted from datasheet: polystyrene,,,52682.0,32900.0
polychlorotrifluoroethylene,Polychlorotrifluoroethylene,CC,pdf_datasheet,Polymer extracted from datasheet: Polychlorotrifluoroethylene,,,25101.0,
polyhaloolefinscas,Polyhaloolefinscas,CC,pdf_datasheet,Polymer extracted from datasheet: polyhaloolefinsCAS,,,25101.0,
polymerincreases,Polymerincreases,CC,pdf_datasheet,Polymer extracted from datasheet: polymerincreases,,,8.0,
polytetrafluoroethylene,Polytetrafluoroethylene,CC,pdf_datasheet,Polymer extracted from datasheet: Polytetrafluoroethylene,,,25038.0,400000.0
polyethylenemelt,Polyethylenemelt,CC,pdf_datasheet,Polymer extracted from datasheet: polyethyleneMelt,,,1.0,
polymersfluorocarbon,Polymersfluorocarbon,CC,pdf_datasheet,Polymer extracted from datasheet: polymersfluorocarbon,,,1.0,
polyme,Polyme,CC,pdf_datasheet,Polymer extracted from datasheet: polyme,,,17.0,
polyolefin,Polyolefin,CC,pdf_datasheet,Polymer extracted from datasheet: Polyolefin,,,2.0,
polyisoprene,Polyisoprene,CC,pdf_datasheet,Polymer extracted from datasheet: Polyisoprene,,,19.0,200000.0
polyphosphazenes,Polyphosphazenes,CC,pdf_datasheet,Polymer extracted from datasheet: polyphosphazenes,,,1.0,300000.0
polysaccharide,Polysaccharide,CC,pdf_datasheet,Polymer extracted from datasheet: polysaccharide,,,0.0,5000.0
polystyrenecauses,Polystyrenecauses,CC,pdf_datasheet,Polymer extracted from datasheet: polystyrenecauses,,,1.0,
polystyryl,Polystyryl,CC,pdf_datasheet,Polymer extracted from datasheet: polystyryl,,,1.0,
polyoxyphenylene,Polyoxyphenylene,CC,pdf_datasheet,Polymer extracted from datasheet: polyoxyphenylene,,,9003.0,
polyalkylene,Polyalkylene,CC,pdf_datasheet,Polymer extracted from datasheet: polyalkylene,,,9003.0,200.0
polystyrene25134,Polystyrene25134,CC,pdf_datasheet,Polymer extracted from datasheet: polystyrene25134,,,9003.0,
polymersystems,Polymersystems,CC,pdf_datasheet,Polymer extracted from datasheet: polymersystems,,,1.0,
polymerwater,Polymerwater,CC,pdf_datasheet,Polymer extracted from datasheet: polymerWater,,,1.0,
polyphenylene,Polyphenylene,CC,pdf_datasheet,Polymer extracted from datasheet: polyphenylene,,,18.0,40000.0
polyblends,Polyblends,CC,pdf_datasheet,Polymer extracted from datasheet: polyblends,,,5.0,
polythene,Polythene,CC,pdf_datasheet,Polymer extracted from datasheet: Polythene,,,9002.0,
polyethylenes,Polyethylenes,CC,pdf_datasheet,Polymer extracted from datasheet: polyethylenes,,,1.0,
polymernovacor,Polymernovacor,CC,pdf_datasheet,Polymer extracted from datasheet: polymerNovacor,,,25.0,
polymethacrylates,Polymethacrylates,CC,pdf_datasheet,Polymer extracted from datasheet: Polymethacrylates,,,29320.0,
polyoxypropylene,Polyoxypropylene,CC,pdf_datasheet,Polymer extracted from datasheet: Polyoxypropylene,,,9003.0,
polymethacrylamide,Polymethacrylamide,CC,pdf_datasheet,Polymer extracted from datasheet: Polymethacrylamide,,,1.0,
polychloroprene,Polychloroprene,CC,pdf_datasheet,Polymer extracted from datasheet: Polychloroprene,,,25101.0,
pmma,Polymethyl Methacrylate,CC(C)(C(=O)OC),pdf_datasheet,Polymer extracted from datasheet: PMMA,,,1.0,66000.0
polyurethaneand,Polyurethaneand,CC,pdf_datasheet,Polymer extracted from datasheet: polyurethaneand,,,1.5,
polysi,Polysi,CC,pdf_datasheet,Polymer extracted from datasheet: polysi,,,12.0,
polymer158496,Polymer158496,CC,pdf_datasheet,Polymer extracted from datasheet: polymer158496,,,,20000.0
polyacrylates,Polyacrylates,CC,pdf_datasheet,Polymer extracted from datasheet: polyacrylates,,,2.0,
polysarkrynac,Polysarkrynac,CC,pdf_datasheet,Polymer extracted from datasheet: PolysarKrynac,,,3.0,
polymides,Polymides,CC,pdf_datasheet,Polymer extracted from datasheet: polymides,,,,13000.0
polymerise,Polymerise,CC,pdf_datasheet,Polymer extracted from datasheet: polymerise,,,1.0,75200.0
polymerisationfollowed,Polymerisationfollowed,CC,pdf_datasheet,Polymer extracted from datasheet: polymerisationfollowed,,,1.0,
polypentabromobenzylacrylate,Polypentabromobenzylacrylate,CC,pdf_datasheet,Polymer extracted from datasheet: Polypentabromobenzylacrylate,,,304.0,
polymerisationis,Polymerisationis,CC,pdf_datasheet,Polymer extracted from datasheet: polymerisationis,,,100.0,
polymorphism,Polymorphism,CC,pdf_datasheet,Polymer extracted from datasheet: polymorphism,,,11.0,
polymertubing,Polymertubing,CC,pdf_datasheet,Polymer extracted from datasheet: polymertubing,,,929.0,
polyacrylic,Polyacrylic,CC,pdf_datasheet,Polymer extracted from datasheet: polyacrylic,,,1.0,
polymernylene,Polymernylene,CC,pdf_datasheet,Polymer extracted from datasheet: PolymerNylene,,,1.0,
polyether,Polyether,CC,pdf_datasheet,Polymer extracted from datasheet: polyether,,,1.0,1000.0
polytetramethylene,Polytetramethylene,CC,pdf_datasheet,Polymer extracted from datasheet: polytetramethylene,,,1.0,
polysulfones,Polysulfones,CC,pdf_datasheet,Polymer extracted from datasheet: polysulfones,,,137.0,
polymershave,Polymershave,CC,pdf_datasheet,Polymer extracted from datasheet: polymershave,,,1.0,
polyethers,Polyethers,CC,pdf_datasheet,Polymer extracted from datasheet: Polyethers,,,3.0,1000.0
polyetherketones,Polyetherketones,CC,pdf_datasheet,Polymer extracted from datasheet: polyetherketones,,,3.0,
polyoxetane,Polyoxetane,CC,pdf_datasheet,Polymer extracted from datasheet: polyoxetane,,,13.0,
polybenzimidazole,Polybenzimidazole,CC,pdf_datasheet,Polymer extracted from datasheet: polybenzimidazole,,,25734.0,
polyphosphoric,Polyphosphoric,CC,pdf_datasheet,Polymer extracted from datasheet: polyphosphoric,,,11.0,
polybutylene,Polybutylene,CC,pdf_datasheet,Polymer extracted from datasheet: Polybutylene,,,24968.0,30000.0
polymercomposites,Polymercomposites,CC,pdf_datasheet,Polymer extracted from datasheet: PolymerComposites,30.0,,30.0,
polyoxyethylene,Polyoxyethylene,CC,pdf_datasheet,Polymer extracted from datasheet: polyoxyethylene,,,1.0,
polyalcohol,Polyalcohol,CC,pdf_datasheet,Polymer extracted from datasheet: polyalcohol,,,1.0,
polychem,Polychem,CC,pdf_datasheet,Polymer extracted from datasheet: Polychem,,,3104.0,
polymer28303,Polymer28303,CC,pdf_datasheet,Polymer extracted from datasheet: polymer28303,,,29659.0,
polymermolecular,Polymermolecular,CC,pdf_datasheet,Polymer extracted from datasheet: polymerMolecular,,,9003.0,
polymer28265,Polymer28265,CC,pdf_datasheet,Polymer extracted from datasheet: polymer28265,,,9002.0,
polyacetylene,Polyacetylene,CC,pdf_datasheet,Polymer extracted from datasheet: polyacetylene,3.0,,25067.0,
polyelectrolyte,Polyelectrolyte,CC,pdf_datasheet,Polymer extracted from datasheet: polyelectrolyte,,,1.0,
polymethacrylonitrile,Polymethacrylonitrile,CC,pdf_datasheet,Polymer extracted from datasheet: Polymethacrylonitrile,,,31631.0,
polyethylenepolyamine,Polyethylenepolyamine,CC,pdf_datasheet,Polymer extracted from datasheet: polyethylenepolyamine,,,1.0,
polyanhydride,Polyanhydride,CC,pdf_datasheet,Polymer extracted from datasheet: polyanhydride,,,1.0,
polyanhydrides,Polyanhydrides,CC,pdf_datasheet,Polymer extracted from datasheet: polyanhydrides,,,1.0,
polyaniline,Polyaniline,CC,pdf_datasheet,Polymer extracted from datasheet: polyaniline,,,3.0,57.0
polymerisations,Polymerisations,CC,pdf_datasheet,Polymer extracted from datasheet: polymerisations,,,1.0,
polysilanescas,Polysilanescas,CC,pdf_datasheet,Polymer extracted from datasheet: polysilanesCAS,,,107999.0,412.0
polycrystalline,Polycrystalline,CC,pdf_datasheet,Polymer extracted from datasheet: Polycrystalline,,,1.0,
polyfluorene,Polyfluorene,CC,pdf_datasheet,Polymer extracted from datasheet: polyfluorene,,,188201.0,
polymerspolybutadiene,Polymerspolybutadiene,CC,pdf_datasheet,Polymer extracted from datasheet: polymerspolybutadiene,,,1.0,
polyvinyl,Polyvinyl,CC,pdf_datasheet,Polymer extracted from datasheet: polyvinyl,,,1.0,30000.0
polysarbibliographic,Polysarbibliographic,CC,pdf_datasheet,Polymer extracted from datasheet: PolysarBibliographic,,,1359.0,
polymer39923,Polymer39923,CC,pdf_datasheet,Polymer extracted from datasheet: polymer39923,,,26895.0,
polycarbodiimide,Polycarbodiimide,CC,pdf_datasheet,Polymer extracted from datasheet: Polycarbodiimide,,,1.0,
polycondensed,Polycondensed,CC,pdf_datasheet,Polymer extracted from datasheet: polycondensed,,,1.0,
polybuty,Polybuty,CC,pdf_datasheet,Polymer extracted from datasheet: Polybuty,,,26062.0,
polybutyleneterephthalate,Polybutyleneterephthalate,CC,pdf_datasheet,Polymer extracted from datasheet: Polybutyleneterephthalate,,,26062.0,
polymerscas,Polymerscas,CC,pdf_datasheet,Polymer extracted from datasheet: polymersCAS,,,26062.0,
polylsilylenes,Polylsilylenes,CC,pdf_datasheet,Polymer extracted from datasheet: polylsilylenes,,,1.0,
polysciences,Polysciences,CC,pdf_datasheet,Polymer extracted from datasheet: Polysciences,,,2042.0,200000.0
polymerproducts,Polymerproducts,CC,pdf_datasheet,Polymer extracted from datasheet: PolymerProducts,,,,200000.0
polyoxydimethylsi,Polyoxydimethylsi,CC,pdf_datasheet,Polymer extracted from datasheet: polyoxydimethylsi,,,72.0,
polycarbosilanes,Polycarbosilanes,CC,pdf_datasheet,Polymer extracted from datasheet: Polycarbosilanes,,,100044.0,73.0
polysilane,Polysilane,CC,pdf_datasheet,Polymer extracted from datasheet: polysilane,,,14.0,1.0
polythiophene,Polythiophene,CC,pdf_datasheet,Polymer extracted from datasheet: polythiophene,,,98837.0,24400.0
polymorphic,Polymorphic,CC,pdf_datasheet,Polymer extracted from datasheet: Polymorphic,,,1.0,
polyvinyls,Polyvinyls,CC,pdf_datasheet,Polymer extracted from datasheet: polyvinyls,,,25232.0,30000.0
polymer28214,Polymer28214,CC,pdf_datasheet,Polymer extracted from datasheet: polymer28214,,,25232.0,
polymer25654,Polymer25654,CC,pdf_datasheet,Polymer extracted from datasheet: polymer25654,,,25655.0,
polycarbonatecas,Polycarbonatecas,CC,pdf_datasheet,Polymer extracted from datasheet: polycarbonateCAS,,,1.0,
polyurethanes,Polyurethanes,CC,pdf_datasheet,Polymer extracted from datasheet: Polyurethanes,,,1.0,2000.0
polyindole,Polyindole,CC,pdf_datasheet,Polymer extracted from datasheet: polyindole,,,5.0,
polymerspoly,Polymerspoly,CC,pdf_datasheet,Polymer extracted from datasheet: polymersPoly,,,1.0,15000.0
polychloroprenes,Polychloroprenes,CC,pdf_datasheet,Polymer extracted from datasheet: polychloroprenes,,,1.0,
polychlor,Polychlor,CC,pdf_datasheet,Polymer extracted from datasheet: polychlor,,,1.0,
polymerranges,Polymerranges,CC,pdf_datasheet,Polymer extracted from datasheet: polymerranges,,,0.0,
polymethyl,Polymethyl,CC,pdf_datasheet,Polymer extracted from datasheet: polymethyl,,,2.0,
polyepichlorohydrin,Polyepichlorohydrin,CC,pdf_datasheet,Polymer extracted from datasheet: polyepichlorohydrin,,,18.0,
polyquinoxaline,Polyquinoxaline,CC,pdf_datasheet,Polymer extracted from datasheet: polyquinoxaline,,,1.0,
polymethylmethacrylate,Polymethylmethacrylate,CC,pdf_datasheet,Polymer extracted from datasheet: polymethylmethacrylate,,,1.0,
polyfluorenecas,Polyfluorenecas,CC,pdf_datasheet,Polymer extracted from datasheet: polyfluoreneCAS,,,2.0,
polymersolutions,Polymersolutions,CC,pdf_datasheet,Polymer extracted from datasheet: Polymersolutions,,,1.0,
polydimethylbutadiene,Polydimethylbutadiene,CC,pdf_datasheet,Polymer extracted from datasheet: Polydimethylbutadiene,,,1.0,
polydimethyldiphenylsiloxane,Polydimethyldiphenylsiloxane,CC,pdf_datasheet,Polymer extracted from datasheet: Polydimethyldiphenylsiloxane,,,1.0,
polyphenyleneoxide,Polyphenyleneoxide,CC,pdf_datasheet,Polymer extracted from datasheet: Polyphenyleneoxide,,,1.0,
polythiophenepoly,Polythiophenepoly,CC,pdf_datasheet,Polymer extracted from datasheet: polythiophenePoly,,,104934.0,
polyetheretherketone,Polyetheretherketone,CC,pdf_datasheet,Polymer extracted from datasheet: Polyetheretherketone,,,30.0,
polyaryletheretherketone,Polyaryletheretherketone,CC,pdf_datasheet,Polymer extracted from datasheet: Polyaryletheretherketone,,,30.0,
polyetherketone,Polyetherketone,CC,pdf_datasheet,Polymer extracted from datasheet: Polyetherketone,,,30.0,11500.0
polyetherketoneketone,Polyetherketoneketone,CC,pdf_datasheet,Polymer extracted from datasheet: Polyetherketoneketone,,,30.0,
polyetherketoneetherketoneketone,Polyetherketoneetherketoneketone,CC,pdf_datasheet,Polymer extracted from datasheet: Polyetherketoneetherketoneketone,,,27380.0,
polyetheretherketoneketonemonomers,Polyetheretherketoneketonemonomers,CC,pdf_datasheet,Polymer extracted from datasheet: PolyetheretherketoneketoneMonomers,,,27380.0,
polymorphs,Polymorphs,CC,pdf_datasheet,Polymer extracted from datasheet: polymorphs,,,466.0,
polymerscan,Polymerscan,CC,pdf_datasheet,Polymer extracted from datasheet: polymerscan,,,1.0,
polyetheretherketoneketone,Polyetheretherketoneketone,CC,pdf_datasheet,Polymer extracted from datasheet: Polyetheretherketoneketone,,,1.0,11500.0
polyethersulfone,Polyethersulfone,CC,pdf_datasheet,Polymer extracted from datasheet: Polyethersulfone,,,25667.0,
polyethylbutadiene,Polyethylbutadiene,CC,pdf_datasheet,Polymer extracted from datasheet: Polyethylbutadiene,,,1.0,
polyethylenepermeability,Polyethylenepermeability,CC,pdf_datasheet,Polymer extracted from datasheet: polyethylenePermeability,,,11.0,
polyolefinspolyketones,Polyolefinspolyketones,CC,pdf_datasheet,Polymer extracted from datasheet: polyolefinspolyketones,,,25052.0,
polyethylenemelting,Polyethylenemelting,CC,pdf_datasheet,Polymer extracted from datasheet: polyethyleneMelting,,,1.0,
polyelectrolytes,Polyelectrolytes,CC,pdf_datasheet,Polymer extracted from datasheet: polyelectrolytes,,,1.0,3000.0
polymerconcentrations,Polymerconcentrations,CC,pdf_datasheet,Polymer extracted from datasheet: polymerconcentrations,,,1.0,
polymereventually,Polymereventually,CC,pdf_datasheet,Polymer extracted from datasheet: polymereventually,,,,40000.0
polymercontracts,Polymercontracts,CC,pdf_datasheet,Polymer extracted from datasheet: polymercontracts,,,,40000.0
polymerspermeability,Polymerspermeability,CC,pdf_datasheet,Polymer extracted from datasheet: polymersPermeability,,,1.0,
polymerscomplex,Polymerscomplex,CC,pdf_datasheet,Polymer extracted from datasheet: polymerscomplex,,,1.0,
polyoxyacetyl,Polyoxyacetyl,CC,pdf_datasheet,Polymer extracted from datasheet: Polyoxyacetyl,,,2.0,
polyglycolide,Polyglycolide,CC,pdf_datasheet,Polymer extracted from datasheet: Polyglycolide,,,2.0,20000.0
polyglycollide,Polyglycollide,CC,pdf_datasheet,Polymer extracted from datasheet: Polyglycollide,,,2.0,
polyhexafluoropropylene,Polyhexafluoropropylene,CC,pdf_datasheet,Polymer extracted from datasheet: Polyhexafluoropropylene,,,25120.0,
polyperfluoropropy,Polyperfluoropropy,CC,pdf_datasheet,Polymer extracted from datasheet: Polyperfluoropropy,,,25120.0,
polyhexafluoropropene,Polyhexafluoropropene,CC,pdf_datasheet,Polymer extracted from datasheet: Polyhexafluoropropene,,,1.0,
polymermorphology,Polymermorphology,CC,pdf_datasheet,Polymer extracted from datasheet: polymerMorphology,,,15.0,
polymerisationat,Polymerisationat,CC,pdf_datasheet,Polymer extracted from datasheet: polymerisationat,,,15.0,
polyconden,Polyconden,CC,pdf_datasheet,Polymer extracted from datasheet: polyconden,,,1.0,
polymerase,Polymerase,CC,pdf_datasheet,Polymer extracted from datasheet: polymerase,,,1.0,
polyhydrox,Polyhydrox,CC,pdf_datasheet,Polymer extracted from datasheet: polyhydrox,,,1.0,
polyisoprenes,Polyisoprenes,CC,pdf_datasheet,Polymer extracted from datasheet: polyisoprenes,,,2.4,137000.0
polyisopropylbutadiene,Polyisopropylbutadiene,CC,pdf_datasheet,Polymer extracted from datasheet: Polyisopropylbutadiene,,,1.0,
polymer25620,Polymer25620,CC,pdf_datasheet,Polymer extracted from datasheet: polymer25620,,,25585.0,
polybu,Polybu,CC,pdf_datasheet,Polymer extracted from datasheet: Polybu,,,25053.0,
polyorganosiloxanes,Polyorganosiloxanes,CC,pdf_datasheet,Polymer extracted from datasheet: Polyorganosiloxanes,,,1.0,
polymethacrylate,Polymethacrylate,CC,pdf_datasheet,Polymer extracted from datasheet: Polymethacrylate,,,2.0,600.0
polymerisationthe,Polymerisationthe,CC,pdf_datasheet,Polymer extracted from datasheet: polymerisationthe,,,100.0,
polymethacrylic,Polymethacrylic,CC,pdf_datasheet,Polymer extracted from datasheet: Polymethacrylic,,,25086.0,
polymetha,Polymetha,CC,pdf_datasheet,Polymer extracted from datasheet: polymetha,,,2.0,
polymethacryloni,Polymethacryloni,CC,pdf_datasheet,Polymer extracted from datasheet: Polymethacryloni,,,53112.0,
polyemeraldine,Polyemeraldine,CC,pdf_datasheet,Polymer extracted from datasheet: polyemeraldine,,,5.0,
polymerdepends,Polymerdepends,CC,pdf_datasheet,Polymer extracted from datasheet: polymerdepends,,,1.0,
polyisopropylethylene,Polyisopropylethylene,CC,pdf_datasheet,Polymer extracted from datasheet: Polyisopropylethylene,,,25085.0,
polysilylene,Polysilylene,CC,pdf_datasheet,Polymer extracted from datasheet: polysilylene,,,,5.4
polymerisationv,Polymerisationv,CC,pdf_datasheet,Polymer extracted from datasheet: polymerisationV,,,1.0,
polymethyloctyl,Polymethyloctyl,CC,pdf_datasheet,Polymer extracted from datasheet: polymethyloctyl,,,1.0,1500.0
polymethyloctylsiloxane,Polymethyloctylsiloxane,CC,pdf_datasheet,Polymer extracted from datasheet: Polymethyloctylsiloxane,,,1.0,
polymethylphenylsiloxane,Polymethylphenylsiloxane,CC,pdf_datasheet,Polymer extracted from datasheet: Polymethylphenylsiloxane,,,1.0,
polycarbosilanespolymer,Polycarbosilanespolymer,CC,pdf_datasheet,Polymer extracted from datasheet: PolycarbosilanesPolymer,,,32202.0,82.0
polypyrrole,Polypyrrole,CC,pdf_datasheet,Polymer extracted from datasheet: polypyrrole,,,1.0,
polyvinylspoly,Polyvinylspoly,CC,pdf_datasheet,Polymer extracted from datasheet: polyvinylsPoly,,,78.0,
polymerises,Polymerises,CC,pdf_datasheet,Polymer extracted from datasheet: polymerises,,,1.0,
polyacetal,Polyacetal,CC,pdf_datasheet,Polymer extracted from datasheet: Polyacetal,,,,20000.0
polyformaldehyde,Polyformaldehyde,CC,pdf_datasheet,Polymer extracted from datasheet: Polyformaldehyde,,,,20000.0
polyoxymethylene,Polyoxymethylene,CC,pdf_datasheet,Polymer extracted from datasheet: Polyoxymethylene,,,1.0,
polyphenyl,Polyphenyl,CC,pdf_datasheet,Polymer extracted from datasheet: Polyphenyl,,,26008.0,
polyphenylenediselenothiocarbonate,Polyphenylenediselenothiocarbonate,CC,pdf_datasheet,Polymer extracted from datasheet: Polyphenylenediselenothiocarbonate,,,2.0,
polyphenylsilane,Polyphenylsilane,CC,pdf_datasheet,Polymer extracted from datasheet: polyphenylsilane,,,2.0,
polyphenylsulfone,Polyphenylsulfone,CC,pdf_datasheet,Polymer extracted from datasheet: Polyphenylsulfone,,,1.0,
polyphthalamide,Polyphthalamide,CC,pdf_datasheet,Polymer extracted from datasheet: Polyphthalamide,,,1.0,
polyamidecas,Polyamidecas,CC,pdf_datasheet,Polymer extracted from datasheet: polyamideCAS,,,1.0,
polystyrenesolvents,Polystyrenesolvents,CC,pdf_datasheet,Polymer extracted from datasheet: polystyreneSolvents,,,2.0,
polycarbonateunits,Polycarbonateunits,CC,pdf_datasheet,Polymer extracted from datasheet: polycarbonateunits,,,1.0,170000.0
polymersare,Polymersare,CC,pdf_datasheet,Polymer extracted from datasheet: polymersare,,,3.0,75200.0
polydisperse,Polydisperse,CC,pdf_datasheet,Polymer extracted from datasheet: polydisperse,,,3.0,
polymerswith,Polymerswith,CC,pdf_datasheet,Polymer extracted from datasheet: polymerswith,,,3.0,
polystyrenemw,Polystyrenemw,CC,pdf_datasheet,Polymer extracted from datasheet: polystyreneMW,,,1.0,330000.0
polymethyldimethylsiloxane,Polymethyldimethylsiloxane,CC,pdf_datasheet,Polymer extracted from datasheet: polymethyldimethylsiloxane,,,,2000.0
polypropene,Polypropene,CC,pdf_datasheet,Polymer extracted from datasheet: Polypropene,,,9003.0,
polypropylenefibres,Polypropylenefibres,CC,pdf_datasheet,Polymer extracted from datasheet: PolypropyleneFibres,,,9003.0,
polypro,Polypro,CC,pdf_datasheet,Polymer extracted from datasheet: Polypro,,,9003.0,
polyethylenecopolymerfriction,Polyethylenecopolymerfriction,CC,pdf_datasheet,Polymer extracted from datasheet: polyethylenecopolymerFriction,,,12.0,
polyphosphate,Polyphosphate,CC,pdf_datasheet,Polymer extracted from datasheet: polyphosphate,,,0.04,
polymere,Polymere,CC,pdf_datasheet,Polymer extracted from datasheet: Polymere,,,100.0,
polyfine,Polyfine,CC,pdf_datasheet,Polymer extracted from datasheet: Polyfine,,,5.0,
polyflam,Polyflam,CC,pdf_datasheet,Polymer extracted from datasheet: Polyflam,,,5.0,
polyfort,Polyfort,CC,pdf_datasheet,Polymer extracted from datasheet: Polyfort,,,5.0,
polymermonomers,Polymermonomers,CC,pdf_datasheet,Polymer extracted from datasheet: polymerMonomers,,,29160.0,
polymersover,Polymersover,CC,pdf_datasheet,Polymer extracted from datasheet: polymersover,,,1.0,
polyene,Polyene,CC,pdf_datasheet,Polymer extracted from datasheet: polyene,,,30.0,
polypropylenephase,Polypropylenephase,CC,pdf_datasheet,Polymer extracted from datasheet: polypropylenephase,,,1.0,
polymer3,Polymer3,CC,pdf_datasheet,Polymer extracted from datasheet: polymer3,,,7.0,
polymethyloxirane,Polymethyloxirane,CC,pdf_datasheet,Polymer extracted from datasheet: Polymethyloxirane,,,1.0,
polyols,Polyols,CC,pdf_datasheet,Polymer extracted from datasheet: polyols,,,1.0,
polyolsrelated,Polyolsrelated,CC,pdf_datasheet,Polymer extracted from datasheet: polyolsRelated,,,1.0,
polymerising,Polymerising,CC,pdf_datasheet,Polymer extracted from datasheet: polymerising,,,48.0,
polyproylene,Polyproylene,CC,pdf_datasheet,Polymer extracted from datasheet: polyproylene,,,300.0,
polysilaethy,Polysilaethy,CC,pdf_datasheet,Polymer extracted from datasheet: polysilaethy,,,1.0,
polyetherimide,Polyetherimide,CC,pdf_datasheet,Polymer extracted from datasheet: polyetherimide,,,60.0,
polymergeneral,Polymergeneral,CC,pdf_datasheet,Polymer extracted from datasheet: polymerGeneral,,,60.0,
polycarbosilane,Polycarbosilane,CC,pdf_datasheet,Polymer extracted from datasheet: polycarbosilane,,,1.0,
polystyrenewill,Polystyrenewill,CC,pdf_datasheet,Polymer extracted from datasheet: polystyrenewill,,,1.0,
polystyrenepolyvinyls,Polystyrenepolyvinyls,CC,pdf_datasheet,Polymer extracted from datasheet: polystyrenepolyvinyls,,,130196.0,
polybutadienepolystyrene,Polybutadienepolystyrene,CC,pdf_datasheet,Polymer extracted from datasheet: polybutadienepolystyrene,,,143106.0,
polystyrenepolymer,Polystyrenepolymer,CC,pdf_datasheet,Polymer extracted from datasheet: polystyrenepolymer,,,0.1,
polymer105390,Polymer105390,CC,pdf_datasheet,Polymer extracted from datasheet: polymer105390,,,25189.0,
polysulfonecompounds,Polysulfonecompounds,CC,pdf_datasheet,Polymer extracted from datasheet: polysulfonecompounds,,,149.0,
polysulfonecas,Polysulfonecas,CC,pdf_datasheet,Polymer extracted from datasheet: polysulfoneCAS,,,25135.0,
polymersmelt,Polymersmelt,CC,pdf_datasheet,Polymer extracted from datasheet: polymersMelt,,,1.0,
polybutilate,Polybutilate,CC,pdf_datasheet,Polymer extracted from datasheet: Polybutilate,,,25103.0,
polyalkanediol,Polyalkanediol,CC,pdf_datasheet,Polymer extracted from datasheet: polyalkanediol,,,1.0,
polyurethanesare,Polyurethanesare,CC,pdf_datasheet,Polymer extracted from datasheet: polyurethanesare,,,1.0,
polyisocyanates,Polyisocyanates,CC,pdf_datasheet,Polymer extracted from datasheet: Polyisocyanates,,,4.0,
polyvanillylidenecycloalkanone,Polyvanillylidenecycloalkanone,CC,pdf_datasheet,Polymer extracted from datasheet: Polyvanillylidenecycloalkanone,,,1.0,
polyhydric,Polyhydric,CC,pdf_datasheet,Polymer extracted from datasheet: polyhydric,,,2.0,
polyenes,Polyenes,CC,pdf_datasheet,Polymer extracted from datasheet: polyenes,,,2.0,
polyethy,Polyethy,CC,pdf_datasheet,Polymer extracted from datasheet: polyethy,,,2.0,170000.0
polyhaloolefinspoly,Polyhaloolefinspoly,CC,pdf_datasheet,Polymer extracted from datasheet: polyhaloolefinsPoly,,,,109000.0
polymerisationtemp,Polymerisationtemp,CC,pdf_datasheet,Polymer extracted from datasheet: polymerisationtemp,,,16.0,
polymerisableplasticiser,Polymerisableplasticiser,CC,pdf_datasheet,Polymer extracted from datasheet: polymerisableplasticiser,,,1.0,
polyvalent,Polyvalent,CC,pdf_datasheet,Polymer extracted from datasheet: polyvalent,,,1.0,
polymersmonomers,Polymersmonomers,CC,pdf_datasheet,Polymer extracted from datasheet: polymersMonomers,,,37331.0,200000.0
polyconjugateddouble,Polyconjugateddouble,CC,pdf_datasheet,Polymer extracted from datasheet: polyconjugateddouble,,,150.0,
polyvinylspolyhaloolefins,Polyvinylspolyhaloolefins,CC,pdf_datasheet,Polymer extracted from datasheet: polyvinylspolyhaloolefins,,,39423.0,
polycarboxylate,Polycarboxylate,CC,pdf_datasheet,Polymer extracted from datasheet: polycarboxylate,,,1.0,
polycarboxylated,Polycarboxylated,CC,pdf_datasheet,Polymer extracted from datasheet: polycarboxylated,,,1.0,
polyhaloolefins,Polyhaloolefins,CC,pdf_datasheet,Polymer extracted from datasheet: polyhaloolefins,,,9.0,15000.0
polymerspolyha,Polymerspolyha,CC,pdf_datasheet,Polymer extracted from datasheet: polymerspolyha,,,41618.0,
polydispersity,Polydispersity,CC,pdf_datasheet,Polymer extracted from datasheet: polydispersity,,,1.0,
polyvinylidene,Polyvinylidene,CC,pdf_datasheet,Polymer extracted from datasheet: polyvinylidene,,,9011.0,200000.0
polyethoxyethene,Polyethoxyethene,CC,pdf_datasheet,Polymer extracted from datasheet: polyethoxyethene,,,25104.0,
polyethoxyethylene,Polyethoxyethylene,CC,pdf_datasheet,Polymer extracted from datasheet: polyethoxyethylene,,,25104.0,
polyvinylpropionate,Polyvinylpropionate,CC,pdf_datasheet,Polymer extracted from datasheet: polyvinylpropionate,,,2.0,
polyvinylbu,Polyvinylbu,CC,pdf_datasheet,Polymer extracted from datasheet: polyvinylbu,,,2.0,
polyethenylpyridine25014,Polyethenylpyridine25014,CC,pdf_datasheet,Polymer extracted from datasheet: Polyethenylpyridine25014,,,9003.0,
polymer53633,Polymer53633,CC,pdf_datasheet,Polymer extracted from datasheet: polymer53633,,,30581.0,
polyvidone,Polyvidone,CC,pdf_datasheet,Polymer extracted from datasheet: Polyvidone,,,9003.0,
polymeris,Polymeris,CC,pdf_datasheet,Polymer extracted from datasheet: polymeris,,,1.0,
polyte,Polyte,CC,pdf_datasheet,Polymer extracted from datasheet: Polyte,,,,400000.0
polyhaloole,Polyhaloole,CC,pdf_datasheet,Polymer extracted from datasheet: polyhaloole,,,25085.0,250000.0
polymerisationinvolves,Polymerisationinvolves,CC,pdf_datasheet,Polymer extracted from datasheet: polymerisationinvolves,,,1.0,
polymerhu,Polymerhu,CC,pdf_datasheet,Polymer extracted from datasheet: polymerHu,,,216.0,
polymerdispersion,Polymerdispersion,CC,pdf_datasheet,Polymer extracted from datasheet: polymerdispersion,,,35.0,
polymersthermocomp,Polymersthermocomp,CC,pdf_datasheet,Polymer extracted from datasheet: PolymersThermocomp,,,1.0,
polymerssan,Polymerssan,CC,pdf_datasheet,Polymer extracted from datasheet: polymersSAN,,,1.0,
polymersrelated,Polymersrelated,CC,pdf_datasheet,Polymer extracted from datasheet: polymersRelated,,,25038.0,
polybutadienepolystyrenesilly,Polybutadienepolystyrenesilly,CC,pdf_datasheet,Polymer extracted from datasheet: polybutadienepolystyreneSilly,,,25038.0,
polybutadieneand,Polybutadieneand,CC,pdf_datasheet,Polymer extracted from datasheet: polybutadieneand,,,9003.0,
polystyreneand,Polystyreneand,CC,pdf_datasheet,Polymer extracted from datasheet: polystyreneand,,,9003.0,
polymerterminating,Polymerterminating,CC,pdf_datasheet,Polymer extracted from datasheet: polymerterminating,,,,130.0
polydienespolybutadienepolystyrenes,Polydienespolybutadienepolystyrenes,CC,pdf_datasheet,Polymer extracted from datasheet: polydienespolybutadienepolystyrenes,,,25038.0,
polymer107391,Polymer107391,CC,pdf_datasheet,Polymer extracted from datasheet: polymer107391,,,25213.0,
polymer27136,Polymer27136,CC,pdf_datasheet,Polymer extracted from datasheet: polymer27136,,,25213.0,
polyimidisation,Polyimidisation,CC,pdf_datasheet,Polymer extracted from datasheet: polyimidisation,,,1.0,
polyimides,Polyimides,CC,pdf_datasheet,Polymer extracted from datasheet: Polyimides,,,5.0,
polyethylenestability,Polyethylenestability,CC,pdf_datasheet,Polymer extracted from datasheet: polyethyleneStability,,,,2000000.0
polyblend,Polyblend,CC,pdf_datasheet,Polymer extracted from datasheet: Polyblend,,,2.0,
polychlorotrifluoroethene,Polychlorotrifluoroethene,CC,pdf_datasheet,Polymer extracted from datasheet: Polychlorotrifluoroethene,,,4.0,
polydimethylsilicone,Polydimethylsilicone,CC,pdf_datasheet,Polymer extracted from datasheet: Polydimethylsilicone,,,2.0,
polydiphenyldimethylsiloxane,Polydiphenyldimethylsiloxane,CC,pdf_datasheet,Polymer extracted from datasheet: Polydiphenyldimethylsiloxane,,,4.0,
polystyrenes,Polystyrenes,CC,pdf_datasheet,Polymer extracted from datasheet: polystyrenes,,,1.0,
polymethylhydrogen,Polymethylhydrogen,CC,pdf_datasheet,Polymer extracted from datasheet: Polymethylhydrogen,,,2.0,
polymethylhydrogensiloxane,Polymethylhydrogensiloxane,CC,pdf_datasheet,Polymer extracted from datasheet: polymethylhydrogensiloxane,,,1105.0,
poly3940_8qc4,Poly3940_8Qc4,CC,pdf_datasheet,Polymer extracted from datasheet: Poly3940_8QC4,,,9.0,
poly3940_952d,Poly3940_952D,CC,pdf_datasheet,Polymer extracted from datasheet: Poly3940_952d,,,9.0,
poly3940_11e9,Poly3940_11E9,CC,pdf_datasheet,Polymer extracted from datasheet: Poly3940_11e9,,,9.0,
poly3940_55e8,Poly3940_55E8,CC,pdf_datasheet,Polymer extracted from datasheet: Poly3940_55e8,,,8.0,
poly3940_24p8,Poly3940_24P8,CC,pdf_datasheet,Polymer extracted from datasheet: Poly3940_24p8,,,5.0,
poly3940_85u5,Poly3940_85U5,CC,pdf_datasheet,Polymer extracted from datasheet: Poly3940_85U5,,,5.0,
poly3940_0fe5,Poly3940_0Fe5,CC,pdf_datasheet,Polymer extracted from datasheet: Poly3940_0FE5,,,5.0,
poly3940_vj33,Poly3940_Vj33,CC,pdf_datasheet,Polymer extracted from datasheet: Poly3940_vj33,,,7.0,
poly3940_6673,Poly3940_6673,CC,pdf_datasheet,Polymer extracted from datasheet: Poly3940_6673,,,7.0,
poly3940_l5e7,Poly3940_L5E7,CC,pdf_datasheet,Polymer extracted from datasheet: Poly3940_L5E7,,,7.0,
poly3940_0998,Poly3940_0998,CC,pdf_datasheet,Polymer extracted from datasheet: Poly3940_0998,,,75.0,
poly3940_0q54,Poly3940_0Q54,CC,pdf_datasheet,Polymer extracted from datasheet: Poly3940_0q54,,,75.0,
poly3940_6e75,Poly3940_6E75,CC,pdf_datasheet,Polymer extracted from datasheet: Poly3940_6e75,,,75.0,
poly3940_1m84,Poly3940_1M84,CC,pdf_datasheet,Polymer extracted from datasheet: Poly3940_1m84,,,3.0,
poly3940_6091,Poly3940_6091,CC,pdf_datasheet,Polymer extracted from datasheet: Poly3940_6091,,,3.0,
poly3940_03e3,Poly3940_03E3,CC,pdf_datasheet,Polymer extracted from datasheet: Poly3940_03e3,,,3.0,
poly3940_4p92,Poly3940_4P92,CC,pdf_datasheet,Polymer extracted from datasheet: Poly3940_4p92,,,3.0,
poly3940_8i50,Poly3940_8I50,CC,pdf_datasheet,Polymer extracted from datasheet: Poly3940_8i50,,,3.0,
poly3940_41e3,Poly3940_41E3,CC,pdf_datasheet,Polymer extracted from datasheet: Poly3940_41E3,,,3.0,
poly3940_6332,Poly3940_6332,CC,pdf_datasheet,Polymer extracted from datasheet: Poly3940_6332,,,7.0,
poly3940_32v8,Poly3940_32V8,CC,pdf_datasheet,Polymer extracted from datasheet: Poly3940_32v8,,,7.0,
poly3940_86e7,Poly3940_86E7,CC,pdf_datasheet,Polymer extracted from datasheet: Poly3940_86E7,,,7.0,
poly3940_2q3g,Poly3940_2Q3G,CC,pdf_datasheet,Polymer extracted from datasheet: Poly3940_2q3g,,,6.0,
poly3940_r611,Poly3940_R611,CC,pdf_datasheet,Polymer extracted from datasheet: Poly3940_R611,,,6.0,
poly3940_6e6m,Poly3940_6E6M,CC,pdf_datasheet,Polymer extracted from datasheet: Poly3940_6e6M,,,6.0,
poly3940_3i18,Poly3940_3I18,CC,pdf_datasheet,Polymer extracted from datasheet: Poly3940_3i18,,,309.0,
poly3940_y8am,Poly3940_Y8Am,CC,pdf_datasheet,Polymer extracted from datasheet: Poly3940_y8AM,,,309.0,
poly3940_e309,Poly3940_E309,CC,pdf_datasheet,Polymer extracted from datasheet: Poly3940_E309,,,309.0,
poly3940_u86f,Poly3940_U86F,CC,pdf_datasheet,Polymer extracted from datasheet: Poly3940_U86f,,,4.0,
poly3940_2t35,Poly3940_2T35,CC,pdf_datasheet,Polymer extracted from datasheet: Poly3940_2t35,,,4.0,
poly3940_h7e4,Poly3940_H7E4,CC,pdf_datasheet,Polymer extracted from datasheet: Poly3940_H7e4,,,4.0,
poly3940_l931,Poly3940_L931,CC,pdf_datasheet,Polymer extracted from datasheet: Poly3940_l931,,,76.0,
poly3940_9297,Poly3940_9297,CC,pdf_datasheet,Polymer extracted from datasheet: Poly3940_9297,,,76.0,
poly3940_7e76,Poly3940_7E76,CC,pdf_datasheet,Polymer extracted from datasheet: Poly3940_7e76,,,76.0,
poly3940_8k33,Poly3940_8K33,CC,pdf_datasheet,Polymer extracted from datasheet: Poly3940_8K33,,,1.0,
poly3940_8584,Poly3940_8584,CC,pdf_datasheet,Polymer extracted from datasheet: Poly3940_8584,,,1.0,
poly3940_8e1d,Poly3940_8E1D,CC,pdf_datasheet,Polymer extracted from datasheet: Poly3940_8e1d,,,1.0,
poly3940_772g,Poly3940_772G,CC,pdf_datasheet,Polymer extracted from datasheet: Poly3940_772G,,,364.0,
poly3940_19t0,Poly3940_19T0,CC,pdf_datasheet,Polymer extracted from datasheet: Poly3940_19T0,,,364.0,
poly3940_e364,Poly3940_E364,CC,pdf_datasheet,Polymer extracted from datasheet: Poly3940_E364,,,364.0,
poly3940_37j7,Poly3940_37J7,CC,pdf_datasheet,Polymer extracted from datasheet: Poly3940_37j7,,,8.0,
poly3940_s369,Poly3940_S369,CC,pdf_datasheet,Polymer extracted from datasheet: Poly3940_S369,,,8.0,
poly3940_ye8z,Poly3940_Ye8Z,CC,pdf_datasheet,Polymer extracted from datasheet: Poly3940_yE8Z,,,8.0,
